category,product_type,schemes,scheme_count,missing_schemes,unusual_schemes,min_fee,max_fee,spread,source_file,valid_from,flags
"Продукты / Бакалейные товары / Орехи, семена, сухофрукты / Сухофрукты / Сухофрукты / Компотные смеси",Компотные смеси,"DBS=5%, EXPRESS=35%, FBS=42%, FBY=35%",4,,,5.0,42.0,37.0,20260426_141844_marketplace-services-rates-01-04-2026.xlsx,2026-04-01,"LOW_FEE_5_OR_LESS, HIGH_FEE_40_OR_MORE, LARGE_SPREAD_20_OR_MORE"
"Продукты / Бакалейные товары / Орехи, семена, сухофрукты / Сухофрукты / Сухофрукты / Ягоды сушёные",Ягоды сушёные,"DBS=5%, EXPRESS=35%, FBS=42%, FBY=35%",4,,,5.0,42.0,37.0,20260426_141844_marketplace-services-rates-01-04-2026.xlsx,2026-04-01,"LOW_FEE_5_OR_LESS, HIGH_FEE_40_OR_MORE, LARGE_SPREAD_20_OR_MORE"
Продукты / Диетическое и лечебное питание / Продукты на растительной основе,Продукты на растительной основе,"DBS=5%, EXPRESS=34.5%, FBS=41.5%, FBY=34.5%",4,,,5.0,41.5,36.5,20260426_141844_marketplace-services-rates-01-04-2026.xlsx,2026-04-01,"LOW_FEE_5_OR_LESS, HIGH_FEE_40_OR_MORE, LARGE_SPREAD_20_OR_MORE"
Продукты / Диетическое и лечебное питание / Продукты на растительной основе / Растительные молочные продукты,Растительные молочные продукты,"DBS=5%, EXPRESS=34.5%, FBS=41.5%, FBY=34.5%",4,,,5.0,41.5,36.5,20260426_141844_marketplace-services-rates-01-04-2026.xlsx,2026-04-01,"LOW_FEE_5_OR_LESS, HIGH_FEE_40_OR_MORE, LARGE_SPREAD_20_OR_MORE"
Продукты / Кондитерские изделия / Восточные сладости,Восточные сладости,"DBS=5%, EXPRESS=34%, FBS=41%, FBY=34%",4,,,5.0,41.0,36.0,20260426_141844_marketplace-services-rates-01-04-2026.xlsx,2026-04-01,"LOW_FEE_5_OR_LESS, HIGH_FEE_40_OR_MORE, LARGE_SPREAD_20_OR_MORE"
Продукты / Кондитерские изделия / Жевательная резинка,Жевательная резинка,"DBS=5%, EXPRESS=34%, FBS=41%, FBY=34%",4,,,5.0,41.0,36.0,20260426_141844_marketplace-services-rates-01-04-2026.xlsx,2026-04-01,"LOW_FEE_5_OR_LESS, HIGH_FEE_40_OR_MORE, LARGE_SPREAD_20_OR_MORE"
Продукты / Бакалейные товары / Ингредиенты для блюд этнической кухни / Ингредиенты для этнической кухни,Ингредиенты для этнической кухни,"DBS=5%, EXPRESS=34%, FBS=41%, FBY=34%",4,,,5.0,41.0,36.0,20260426_141844_marketplace-services-rates-01-04-2026.xlsx,2026-04-01,"LOW_FEE_5_OR_LESS, HIGH_FEE_40_OR_MORE, LARGE_SPREAD_20_OR_MORE"
Продукты / Диетическое и лечебное питание / Продукты на растительной основе / Растительные мясные продукты,Растительные мясные продукты,"DBS=5%, EXPRESS=34%, FBS=41%, FBY=34%",4,,,5.0,41.0,36.0,20260426_141844_marketplace-services-rates-01-04-2026.xlsx,2026-04-01,"LOW_FEE_5_OR_LESS, HIGH_FEE_40_OR_MORE, LARGE_SPREAD_20_OR_MORE"
"Строительство и ремонт / Материалы / Строительные материалы / Металлопрокат / Столбы, профильные трубы / Трубы профильные",Трубы профильные,"DBS=6%, EXPRESS=30.5%, FBS=37.5%, FBY=30.5%",4,,,6.0,37.5,31.5,20260426_141844_marketplace-services-rates-01-04-2026.xlsx,2026-04-01,LARGE_SPREAD_20_OR_MORE
Продукты / Кондитерские изделия / Мучные кондитерские изделия / Кексы и рулеты,Кексы и рулеты,"DBS=5%, EXPRESS=27%, FBS=34%, FBY=27%",4,,,5.0,34.0,29.0,20260426_141844_marketplace-services-rates-01-04-2026.xlsx,2026-04-01,"LOW_FEE_5_OR_LESS, LARGE_SPREAD_20_OR_MORE"
Продукты / Кондитерские изделия / Мучные кондитерские изделия / Кексы и рулеты / Рулеты,Рулеты,"DBS=5%, EXPRESS=27%, FBS=34%, FBY=27%",4,,,5.0,34.0,29.0,20260426_141844_marketplace-services-rates-01-04-2026.xlsx,2026-04-01,"LOW_FEE_5_OR_LESS, LARGE_SPREAD_20_OR_MORE"
"Продукты / Кондитерские изделия / Мучные кондитерские изделия / Сухари, баранки, сушки / Баранки",Баранки,"DBS=5%, EXPRESS=25%, FBS=32%, FBY=25%",4,,,5.0,32.0,27.0,20260426_141844_marketplace-services-rates-01-04-2026.xlsx,2026-04-01,"LOW_FEE_5_OR_LESS, LARGE_SPREAD_20_OR_MORE"
"Продукты / Молочная гастрономия / Питьевые йогурты, молочные коктейли / Сывороточные напитки",Сывороточные напитки,"DBS=5%, EXPRESS=24%, FBS=31%, FBY=24%",4,,,5.0,31.0,26.0,20260426_141844_marketplace-services-rates-01-04-2026.xlsx,2026-04-01,"LOW_FEE_5_OR_LESS, LARGE_SPREAD_20_OR_MORE"
Продукты / Замороженные продукты / Замороженные блюда и полуфабрикаты / Готовые завтраки замороженные,Готовые завтраки замороженные,"DBS=5%, EXPRESS=23.5%, FBS=30.5%, FBY=23.5%",4,,,5.0,30.5,25.5,20260426_141844_marketplace-services-rates-01-04-2026.xlsx,2026-04-01,"LOW_FEE_5_OR_LESS, LARGE_SPREAD_20_OR_MORE"
"Продукты / Замороженные продукты / Овощи, фрукты, грибы замороженные / Грибы",Грибы,"DBS=5%, EXPRESS=23.5%, FBS=30.5%, FBY=23.5%",4,,,5.0,30.5,25.5,20260426_141844_marketplace-services-rates-01-04-2026.xlsx,2026-04-01,"LOW_FEE_5_OR_LESS, LARGE_SPREAD_20_OR_MORE"
Продукты / Замороженные продукты / Мороженое / Десерты замороженные,Десерты замороженные,"DBS=5%, EXPRESS=23.5%, FBS=30.5%, FBY=23.5%",4,,,5.0,30.5,25.5,20260426_141844_marketplace-services-rates-01-04-2026.xlsx,2026-04-01,"LOW_FEE_5_OR_LESS, LARGE_SPREAD_20_OR_MORE"
Продукты / Кулинария / Холодные блюда и закуски / Закуски из рыбы и морепродуктов охлажденные,Закуски из рыбы и морепродуктов охлажденные,"DBS=5%, EXPRESS=23.5%, FBS=30.5%, FBY=23.5%",4,,,5.0,30.5,25.5,20260426_141844_marketplace-services-rates-01-04-2026.xlsx,2026-04-01,"LOW_FEE_5_OR_LESS, LARGE_SPREAD_20_OR_MORE"
Продукты / Замороженные продукты / Замороженные блюда и полуфабрикаты,Замороженные блюда и полуфабрикаты,"DBS=5%, EXPRESS=23.5%, FBS=30.5%, FBY=23.5%",4,,,5.0,30.5,25.5,20260426_141844_marketplace-services-rates-01-04-2026.xlsx,2026-04-01,"LOW_FEE_5_OR_LESS, LARGE_SPREAD_20_OR_MORE"
Продукты / Замороженные продукты,Замороженные продукты,"DBS=5%, EXPRESS=23.5%, FBS=30.5%, FBY=23.5%",4,,,5.0,30.5,25.5,20260426_141844_marketplace-services-rates-01-04-2026.xlsx,2026-04-01,"LOW_FEE_5_OR_LESS, LARGE_SPREAD_20_OR_MORE"
"Продукты / Молочная гастрономия / Молочные снеки, сырки / Каши молочные",Каши молочные,"DBS=5%, EXPRESS=23.5%, FBS=30.5%, FBY=23.5%",4,,,5.0,30.5,25.5,20260426_141844_marketplace-services-rates-01-04-2026.xlsx,2026-04-01,"LOW_FEE_5_OR_LESS, LARGE_SPREAD_20_OR_MORE"
"Продукты / Молочная гастрономия / Молочные снеки, сырки","Молочные снеки, сырки","DBS=5%, EXPRESS=23.5%, FBS=30.5%, FBY=23.5%",4,,,5.0,30.5,25.5,20260426_141844_marketplace-services-rates-01-04-2026.xlsx,2026-04-01,"LOW_FEE_5_OR_LESS, LARGE_SPREAD_20_OR_MORE"
"Продукты / Кулинария / Суши, роллы / Наборы суши и роллов",Наборы суши и роллов,"DBS=5%, EXPRESS=23.5%, FBS=30.5%, FBY=23.5%",4,,,5.0,30.5,25.5,20260426_141844_marketplace-services-rates-01-04-2026.xlsx,2026-04-01,"LOW_FEE_5_OR_LESS, LARGE_SPREAD_20_OR_MORE"
"Продукты / Замороженные продукты / Овощи, фрукты, грибы замороженные / Овощи и смеси",Овощи и смеси,"DBS=5%, EXPRESS=23.5%, FBS=30.5%, FBY=23.5%",4,,,5.0,30.5,25.5,20260426_141844_marketplace-services-rates-01-04-2026.xlsx,2026-04-01,"LOW_FEE_5_OR_LESS, LARGE_SPREAD_20_OR_MORE"
"Продукты / Замороженные продукты / Овощи, фрукты, грибы замороженные","Овощи, фрукты, грибы замороженные","DBS=5%, EXPRESS=23.5%, FBS=30.5%, FBY=23.5%",4,,,5.0,30.5,25.5,20260426_141844_marketplace-services-rates-01-04-2026.xlsx,2026-04-01,"LOW_FEE_5_OR_LESS, LARGE_SPREAD_20_OR_MORE"
"Продукты / Кулинария / Суши, роллы / Онигири",Онигири,"DBS=5%, EXPRESS=23.5%, FBS=30.5%, FBY=23.5%",4,,,5.0,30.5,25.5,20260426_141844_marketplace-services-rates-01-04-2026.xlsx,2026-04-01,"LOW_FEE_5_OR_LESS, LARGE_SPREAD_20_OR_MORE"
"Продукты / Замороженные продукты / Замороженные блюда и полуфабрикаты / Тесто, основа для пиццы / Основы для пиццы",Основы для пиццы,"DBS=5%, EXPRESS=23.5%, FBS=30.5%, FBY=23.5%",4,,,5.0,30.5,25.5,20260426_141844_marketplace-services-rates-01-04-2026.xlsx,2026-04-01,"LOW_FEE_5_OR_LESS, LARGE_SPREAD_20_OR_MORE"
Продукты / Рыбная гастрономия / Пресервы,Пресервы,"DBS=5%, EXPRESS=23.5%, FBS=30.5%, FBY=23.5%",4,,,5.0,30.5,25.5,20260426_141844_marketplace-services-rates-01-04-2026.xlsx,2026-04-01,"LOW_FEE_5_OR_LESS, LARGE_SPREAD_20_OR_MORE"
"Продукты / Кулинария / Суши, роллы / Роллы",Роллы,"DBS=5%, EXPRESS=23.5%, FBS=30.5%, FBY=23.5%",4,,,5.0,30.5,25.5,20260426_141844_marketplace-services-rates-01-04-2026.xlsx,2026-04-01,"LOW_FEE_5_OR_LESS, LARGE_SPREAD_20_OR_MORE"
Продукты / Рыбная гастрономия,Рыбная гастрономия,"DBS=5%, EXPRESS=23.5%, FBS=30.5%, FBY=23.5%",4,,,5.0,30.5,25.5,20260426_141844_marketplace-services-rates-01-04-2026.xlsx,2026-04-01,"LOW_FEE_5_OR_LESS, LARGE_SPREAD_20_OR_MORE"
"Продукты / Рыбная гастрономия / Пресервы / Салаты, закуски / Салаты из водорослей",Салаты из водорослей,"DBS=5%, EXPRESS=23.5%, FBS=30.5%, FBY=23.5%",4,,,5.0,30.5,25.5,20260426_141844_marketplace-services-rates-01-04-2026.xlsx,2026-04-01,"LOW_FEE_5_OR_LESS, LARGE_SPREAD_20_OR_MORE"
"Продукты / Рыбная гастрономия / Пресервы / Салаты, закуски","Салаты, закуски","DBS=5%, EXPRESS=23.5%, FBS=30.5%, FBY=23.5%",4,,,5.0,30.5,25.5,20260426_141844_marketplace-services-rates-01-04-2026.xlsx,2026-04-01,"LOW_FEE_5_OR_LESS, LARGE_SPREAD_20_OR_MORE"
"Продукты / Замороженные продукты / Овощи, фрукты, грибы замороженные / Овощи и смеси / Смеси овощные замороженные",Смеси овощные замороженные,"DBS=5%, EXPRESS=23.5%, FBS=30.5%, FBY=23.5%",4,,,5.0,30.5,25.5,20260426_141844_marketplace-services-rates-01-04-2026.xlsx,2026-04-01,"LOW_FEE_5_OR_LESS, LARGE_SPREAD_20_OR_MORE"
"Продукты / Кулинария / Суши, роллы / Суши",Суши,"DBS=5%, EXPRESS=23.5%, FBS=30.5%, FBY=23.5%",4,,,5.0,30.5,25.5,20260426_141844_marketplace-services-rates-01-04-2026.xlsx,2026-04-01,"LOW_FEE_5_OR_LESS, LARGE_SPREAD_20_OR_MORE"
"Продукты / Кулинария / Суши, роллы","Суши, роллы","DBS=5%, EXPRESS=23.5%, FBS=30.5%, FBY=23.5%",4,,,5.0,30.5,25.5,20260426_141844_marketplace-services-rates-01-04-2026.xlsx,2026-04-01,"LOW_FEE_5_OR_LESS, LARGE_SPREAD_20_OR_MORE"
Продукты / Молочная гастрономия / Сыр,Сыр,"DBS=5%, EXPRESS=23.5%, FBS=30.5%, FBY=23.5%",4,,,5.0,30.5,25.5,20260426_141844_marketplace-services-rates-01-04-2026.xlsx,2026-04-01,"LOW_FEE_5_OR_LESS, LARGE_SPREAD_20_OR_MORE"
Продукты / Замороженные продукты / Замороженные блюда и полуфабрикаты / Готовые завтраки замороженные / Сырники замороженные,Сырники замороженные,"DBS=5%, EXPRESS=23.5%, FBS=30.5%, FBY=23.5%",4,,,5.0,30.5,25.5,20260426_141844_marketplace-services-rates-01-04-2026.xlsx,2026-04-01,"LOW_FEE_5_OR_LESS, LARGE_SPREAD_20_OR_MORE"
Продукты / Молочная гастрономия / Сыр / Сырные продукты,Сырные продукты,"DBS=5%, EXPRESS=23.5%, FBS=30.5%, FBY=23.5%",4,,,5.0,30.5,25.5,20260426_141844_marketplace-services-rates-01-04-2026.xlsx,2026-04-01,"LOW_FEE_5_OR_LESS, LARGE_SPREAD_20_OR_MORE"
"Продукты / Кулинария / Сэндвичи, бургеры / Сэндвичи",Сэндвичи,"DBS=5%, EXPRESS=23.5%, FBS=30.5%, FBY=23.5%",4,,,5.0,30.5,25.5,20260426_141844_marketplace-services-rates-01-04-2026.xlsx,2026-04-01,"LOW_FEE_5_OR_LESS, LARGE_SPREAD_20_OR_MORE"
"Продукты / Кулинария / Сэндвичи, бургеры","Сэндвичи, бургеры","DBS=5%, EXPRESS=23.5%, FBS=30.5%, FBY=23.5%",4,,,5.0,30.5,25.5,20260426_141844_marketplace-services-rates-01-04-2026.xlsx,2026-04-01,"LOW_FEE_5_OR_LESS, LARGE_SPREAD_20_OR_MORE"
"Продукты / Молочная гастрономия / Молочные снеки, сырки / Творожные запеканки",Творожные запеканки,"DBS=5%, EXPRESS=23.5%, FBS=30.5%, FBY=23.5%",4,,,5.0,30.5,25.5,20260426_141844_marketplace-services-rates-01-04-2026.xlsx,2026-04-01,"LOW_FEE_5_OR_LESS, LARGE_SPREAD_20_OR_MORE"
"Продукты / Замороженные продукты / Замороженные блюда и полуфабрикаты / Тесто, основа для пиццы / Тесто замороженное",Тесто замороженное,"DBS=5%, EXPRESS=23.5%, FBS=30.5%, FBY=23.5%",4,,,5.0,30.5,25.5,20260426_141844_marketplace-services-rates-01-04-2026.xlsx,2026-04-01,"LOW_FEE_5_OR_LESS, LARGE_SPREAD_20_OR_MORE"
"Продукты / Замороженные продукты / Замороженные блюда и полуфабрикаты / Тесто, основа для пиццы","Тесто, основа для пиццы","DBS=5%, EXPRESS=23.5%, FBS=30.5%, FBY=23.5%",4,,,5.0,30.5,25.5,20260426_141844_marketplace-services-rates-01-04-2026.xlsx,2026-04-01,"LOW_FEE_5_OR_LESS, LARGE_SPREAD_20_OR_MORE"
"Продукты / Замороженные продукты / Овощи, фрукты, грибы замороженные / Фрукты и ягоды / Фрукты замороженные",Фрукты замороженные,"DBS=5%, EXPRESS=23.5%, FBS=30.5%, FBY=23.5%",4,,,5.0,30.5,25.5,20260426_141844_marketplace-services-rates-01-04-2026.xlsx,2026-04-01,"LOW_FEE_5_OR_LESS, LARGE_SPREAD_20_OR_MORE"
"Продукты / Замороженные продукты / Овощи, фрукты, грибы замороженные / Фрукты и ягоды",Фрукты и ягоды,"DBS=5%, EXPRESS=23.5%, FBS=30.5%, FBY=23.5%",4,,,5.0,30.5,25.5,20260426_141844_marketplace-services-rates-01-04-2026.xlsx,2026-04-01,"LOW_FEE_5_OR_LESS, LARGE_SPREAD_20_OR_MORE"
Продукты / Кулинария / Холодные блюда и закуски,Холодные блюда и закуски,"DBS=5%, EXPRESS=23.5%, FBS=30.5%, FBY=23.5%",4,,,5.0,30.5,25.5,20260426_141844_marketplace-services-rates-01-04-2026.xlsx,2026-04-01,"LOW_FEE_5_OR_LESS, LARGE_SPREAD_20_OR_MORE"
"Продукты / Замороженные продукты / Овощи, фрукты, грибы замороженные / Фрукты и ягоды / Ягоды замороженные",Ягоды замороженные,"DBS=5%, EXPRESS=23.5%, FBS=30.5%, FBY=23.5%",4,,,5.0,30.5,25.5,20260426_141844_marketplace-services-rates-01-04-2026.xlsx,2026-04-01,"LOW_FEE_5_OR_LESS, LARGE_SPREAD_20_OR_MORE"
Продукты / Молочная гастрономия / Масло и маргарин,Масло и маргарин,"DBS=5%, EXPRESS=23%, FBS=30%, FBY=23%",4,,,5.0,30.0,25.0,20260426_141844_marketplace-services-rates-01-04-2026.xlsx,2026-04-01,"LOW_FEE_5_OR_LESS, LARGE_SPREAD_20_OR_MORE"
Продукты / Замороженные продукты / Мороженое,Мороженое,"DBS=5%, EXPRESS=23%, FBS=30%, FBY=23%",4,,,5.0,30.0,25.0,20260426_141844_marketplace-services-rates-01-04-2026.xlsx,2026-04-01,"LOW_FEE_5_OR_LESS, LARGE_SPREAD_20_OR_MORE"
Продукты / Замороженные продукты / Мороженое / Мороженое,Мороженое,"DBS=5%, EXPRESS=23%, FBS=30%, FBY=23%",4,,,5.0,30.0,25.0,20260426_141844_marketplace-services-rates-01-04-2026.xlsx,2026-04-01,"LOW_FEE_5_OR_LESS, LARGE_SPREAD_20_OR_MORE"
"Продукты / Кондитерские изделия / Мучные кондитерские изделия / Пряники, вафли / Пряники",Пряники,"DBS=5%, EXPRESS=23%, FBS=30%, FBY=23%",4,,,5.0,30.0,25.0,20260426_141844_marketplace-services-rates-01-04-2026.xlsx,2026-04-01,"LOW_FEE_5_OR_LESS, LARGE_SPREAD_20_OR_MORE"
Продукты / Молочная гастрономия / Масло и маргарин / Топлёное масло,Топлёное масло,"DBS=5%, EXPRESS=23%, FBS=30%, FBY=23%",4,,,5.0,30.0,25.0,20260426_141844_marketplace-services-rates-01-04-2026.xlsx,2026-04-01,"LOW_FEE_5_OR_LESS, LARGE_SPREAD_20_OR_MORE"
"Продукты / Молочная гастрономия / Десерты, желе","Десерты, желе","DBS=5%, EXPRESS=22.5%, FBS=29.5%, FBY=22.5%",4,,,5.0,29.5,24.5,20260426_141844_marketplace-services-rates-01-04-2026.xlsx,2026-04-01,"LOW_FEE_5_OR_LESS, LARGE_SPREAD_20_OR_MORE"
Продукты / Безалкогольные напитки / Соки и нектары / Морсы,Морсы,"DBS=5%, EXPRESS=22.5%, FBS=29.5%, FBY=22.5%",4,,,5.0,29.5,24.5,20260426_141844_marketplace-services-rates-01-04-2026.xlsx,2026-04-01,"LOW_FEE_5_OR_LESS, LARGE_SPREAD_20_OR_MORE"
"Продукты / Молочная гастрономия / Десерты, желе / Пудинги",Пудинги,"DBS=5%, EXPRESS=22.5%, FBS=29.5%, FBY=22.5%",4,,,5.0,29.5,24.5,20260426_141844_marketplace-services-rates-01-04-2026.xlsx,2026-04-01,"LOW_FEE_5_OR_LESS, LARGE_SPREAD_20_OR_MORE"
"Продукты / Кондитерские изделия / Мучные кондитерские изделия / Торты, пирожные, коржи / Пирожные",Пирожные,"DBS=5%, EXPRESS=22%, FBS=29%, FBY=22%",4,,,5.0,29.0,24.0,20260426_141844_marketplace-services-rates-01-04-2026.xlsx,2026-04-01,"LOW_FEE_5_OR_LESS, LARGE_SPREAD_20_OR_MORE"
"Продукты / Кондитерские изделия / Мучные кондитерские изделия / Сухари, баранки, сушки / Сухари сладкие",Сухари сладкие,"DBS=5%, EXPRESS=22%, FBS=29%, FBY=22%",4,,,5.0,29.0,24.0,20260426_141844_marketplace-services-rates-01-04-2026.xlsx,2026-04-01,"LOW_FEE_5_OR_LESS, LARGE_SPREAD_20_OR_MORE"
"Продукты / Хлеб и выпечка / Хлеб, лаваши / Хлеб",Хлеб,"DBS=5%, EXPRESS=22%, FBS=29%, FBY=22%",4,,,5.0,29.0,24.0,20260426_141844_marketplace-services-rates-01-04-2026.xlsx,2026-04-01,"LOW_FEE_5_OR_LESS, LARGE_SPREAD_20_OR_MORE"
Продукты / Замороженные продукты / Замороженные блюда и полуфабрикаты / Готовые завтраки замороженные / Блинчики замороженные,Блинчики замороженные,"DBS=5%, EXPRESS=21.5%, FBS=28.5%, FBY=21.5%",4,,,5.0,28.5,23.5,20260426_141844_marketplace-services-rates-01-04-2026.xlsx,2026-04-01,"LOW_FEE_5_OR_LESS, LARGE_SPREAD_20_OR_MORE"
Продукты / Кулинария / Вторые блюда / Блюда из бобовых,Блюда из бобовых,"DBS=5%, EXPRESS=21.5%, FBS=28.5%, FBY=21.5%",4,,,5.0,28.5,23.5,20260426_141844_marketplace-services-rates-01-04-2026.xlsx,2026-04-01,"LOW_FEE_5_OR_LESS, LARGE_SPREAD_20_OR_MORE"
Продукты / Кулинария / Вторые блюда / Блюда из круп,Блюда из круп,"DBS=5%, EXPRESS=21.5%, FBS=28.5%, FBY=21.5%",4,,,5.0,28.5,23.5,20260426_141844_marketplace-services-rates-01-04-2026.xlsx,2026-04-01,"LOW_FEE_5_OR_LESS, LARGE_SPREAD_20_OR_MORE"
Продукты / Кулинария / Вторые блюда / Блюда из морепродуктов,Блюда из морепродуктов,"DBS=5%, EXPRESS=21.5%, FBS=28.5%, FBY=21.5%",4,,,5.0,28.5,23.5,20260426_141844_marketplace-services-rates-01-04-2026.xlsx,2026-04-01,"LOW_FEE_5_OR_LESS, LARGE_SPREAD_20_OR_MORE"
Продукты / Кулинария / Вторые блюда / Блюда из субпродуктов,Блюда из субпродуктов,"DBS=5%, EXPRESS=21.5%, FBS=28.5%, FBY=21.5%",4,,,5.0,28.5,23.5,20260426_141844_marketplace-services-rates-01-04-2026.xlsx,2026-04-01,"LOW_FEE_5_OR_LESS, LARGE_SPREAD_20_OR_MORE"
"Продукты / Кулинария / Супы, бульоны / Бульон готовый охлажденный",Бульон готовый охлажденный,"DBS=5%, EXPRESS=21.5%, FBS=28.5%, FBY=21.5%",4,,,5.0,28.5,23.5,20260426_141844_marketplace-services-rates-01-04-2026.xlsx,2026-04-01,"LOW_FEE_5_OR_LESS, LARGE_SPREAD_20_OR_MORE"
Продукты / Замороженные продукты / Замороженные блюда и полуфабрикаты / Вареники,Вареники,"DBS=5%, EXPRESS=21.5%, FBS=28.5%, FBY=21.5%",4,,,5.0,28.5,23.5,20260426_141844_marketplace-services-rates-01-04-2026.xlsx,2026-04-01,"LOW_FEE_5_OR_LESS, LARGE_SPREAD_20_OR_MORE"
"Продукты / Молочная гастрономия / Кисломолочная продукция / Ряженка, простокваша / Варенцы",Варенцы,"DBS=5%, EXPRESS=21.5%, FBS=28.5%, FBY=21.5%",4,,,5.0,28.5,23.5,20260426_141844_marketplace-services-rates-01-04-2026.xlsx,2026-04-01,"LOW_FEE_5_OR_LESS, LARGE_SPREAD_20_OR_MORE"
Продукты / Мясная гастрономия / Колбасы и деликатесы / Колбасы / Ветчина,Ветчина,"DBS=5%, EXPRESS=21.5%, FBS=28.5%, FBY=21.5%",4,,,5.0,28.5,23.5,20260426_141844_marketplace-services-rates-01-04-2026.xlsx,2026-04-01,"LOW_FEE_5_OR_LESS, LARGE_SPREAD_20_OR_MORE"
Продукты / Кулинария / Вторые блюда,Вторые блюда,"DBS=5%, EXPRESS=21.5%, FBS=28.5%, FBY=21.5%",4,,,5.0,28.5,23.5,20260426_141844_marketplace-services-rates-01-04-2026.xlsx,2026-04-01,"LOW_FEE_5_OR_LESS, LARGE_SPREAD_20_OR_MORE"
Продукты / Замороженные продукты / Замороженные блюда и полуфабрикаты / Хлеб и выпечка / Выпечка замороженная,Выпечка замороженная,"DBS=5%, EXPRESS=21.5%, FBS=28.5%, FBY=21.5%",4,,,5.0,28.5,23.5,20260426_141844_marketplace-services-rates-01-04-2026.xlsx,2026-04-01,"LOW_FEE_5_OR_LESS, LARGE_SPREAD_20_OR_MORE"
Продукты / Замороженные продукты / Замороженные блюда и полуфабрикаты / Готовые блюда,Готовые блюда,"DBS=5%, EXPRESS=21.5%, FBS=28.5%, FBY=21.5%",4,,,5.0,28.5,23.5,20260426_141844_marketplace-services-rates-01-04-2026.xlsx,2026-04-01,"LOW_FEE_5_OR_LESS, LARGE_SPREAD_20_OR_MORE"
Продукты / Кулинария / Вторые блюда / Грибные блюда,Грибные блюда,"DBS=5%, EXPRESS=21.5%, FBS=28.5%, FBY=21.5%",4,,,5.0,28.5,23.5,20260426_141844_marketplace-services-rates-01-04-2026.xlsx,2026-04-01,"LOW_FEE_5_OR_LESS, LARGE_SPREAD_20_OR_MORE"
"Продукты / Молочная гастрономия / Десерты, желе / Десерты молочные",Десерты молочные,"DBS=5%, EXPRESS=21.5%, FBS=28.5%, FBY=21.5%",4,,,5.0,28.5,23.5,20260426_141844_marketplace-services-rates-01-04-2026.xlsx,2026-04-01,"LOW_FEE_5_OR_LESS, LARGE_SPREAD_20_OR_MORE"
Продукты / Замороженные продукты / Замороженные блюда и полуфабрикаты / Хлеб и выпечка / Десерты мучные замороженные,Десерты мучные замороженные,"DBS=5%, EXPRESS=21.5%, FBS=28.5%, FBY=21.5%",4,,,5.0,28.5,23.5,20260426_141844_marketplace-services-rates-01-04-2026.xlsx,2026-04-01,"LOW_FEE_5_OR_LESS, LARGE_SPREAD_20_OR_MORE"
Продукты / Кулинария / Завтраки,Завтраки,"DBS=5%, EXPRESS=21.5%, FBS=28.5%, FBY=21.5%",4,,,5.0,28.5,23.5,20260426_141844_marketplace-services-rates-01-04-2026.xlsx,2026-04-01,"LOW_FEE_5_OR_LESS, LARGE_SPREAD_20_OR_MORE"
Продукты / Замороженные продукты / Замороженные блюда и полуфабрикаты / Готовые завтраки замороженные / Запеканки замороженные,Запеканки замороженные,"DBS=5%, EXPRESS=21.5%, FBS=28.5%, FBY=21.5%",4,,,5.0,28.5,23.5,20260426_141844_marketplace-services-rates-01-04-2026.xlsx,2026-04-01,"LOW_FEE_5_OR_LESS, LARGE_SPREAD_20_OR_MORE"
"Продукты / Фрукты, овощи и грибы / Зелень, салаты / Зелень свежая",Зелень свежая,"DBS=5%, EXPRESS=21.5%, FBS=28.5%, FBY=21.5%",4,,,5.0,28.5,23.5,20260426_141844_marketplace-services-rates-01-04-2026.xlsx,2026-04-01,"LOW_FEE_5_OR_LESS, LARGE_SPREAD_20_OR_MORE"
"Продукты / Фрукты, овощи и грибы / Зелень, салаты","Зелень, салаты","DBS=5%, EXPRESS=21.5%, FBS=28.5%, FBY=21.5%",4,,,5.0,28.5,23.5,20260426_141844_marketplace-services-rates-01-04-2026.xlsx,2026-04-01,"LOW_FEE_5_OR_LESS, LARGE_SPREAD_20_OR_MORE"
"Продукты / Молочная гастрономия / Питьевые йогурты, молочные коктейли / Йогурты питьевые",Йогурты питьевые,"DBS=5%, EXPRESS=21.5%, FBS=28.5%, FBY=21.5%",4,,,5.0,28.5,23.5,20260426_141844_marketplace-services-rates-01-04-2026.xlsx,2026-04-01,"LOW_FEE_5_OR_LESS, LARGE_SPREAD_20_OR_MORE"
Продукты / Молочная гастрономия / Кисломолочная продукция / Кефир,Кефир,"DBS=5%, EXPRESS=21.5%, FBS=28.5%, FBY=21.5%",4,,,5.0,28.5,23.5,20260426_141844_marketplace-services-rates-01-04-2026.xlsx,2026-04-01,"LOW_FEE_5_OR_LESS, LARGE_SPREAD_20_OR_MORE"
Продукты / Молочная гастрономия / Кисломолочная продукция / Кефир / Кефиры,Кефиры,"DBS=5%, EXPRESS=21.5%, FBS=28.5%, FBY=21.5%",4,,,5.0,28.5,23.5,20260426_141844_marketplace-services-rates-01-04-2026.xlsx,2026-04-01,"LOW_FEE_5_OR_LESS, LARGE_SPREAD_20_OR_MORE"
Продукты / Молочная гастрономия / Кисломолочная продукция,Кисломолочная продукция,"DBS=5%, EXPRESS=21.5%, FBS=28.5%, FBY=21.5%",4,,,5.0,28.5,23.5,20260426_141844_marketplace-services-rates-01-04-2026.xlsx,2026-04-01,"LOW_FEE_5_OR_LESS, LARGE_SPREAD_20_OR_MORE"
"Продукты / Мясная гастрономия / Колбасы и деликатесы / Сосиски, сардельки, колбаски / Колбаски",Колбаски,"DBS=5%, EXPRESS=21.5%, FBS=28.5%, FBY=21.5%",4,,,5.0,28.5,23.5,20260426_141844_marketplace-services-rates-01-04-2026.xlsx,2026-04-01,"LOW_FEE_5_OR_LESS, LARGE_SPREAD_20_OR_MORE"
Продукты / Мясная гастрономия / Колбасы и деликатесы / Колбасы,Колбасы,"DBS=5%, EXPRESS=21.5%, FBS=28.5%, FBY=21.5%",4,,,5.0,28.5,23.5,20260426_141844_marketplace-services-rates-01-04-2026.xlsx,2026-04-01,"LOW_FEE_5_OR_LESS, LARGE_SPREAD_20_OR_MORE"
Продукты / Мясная гастрономия / Колбасы и деликатесы / Колбасы / Колбасы,Колбасы,"DBS=5%, EXPRESS=21.5%, FBS=28.5%, FBY=21.5%",4,,,5.0,28.5,23.5,20260426_141844_marketplace-services-rates-01-04-2026.xlsx,2026-04-01,"LOW_FEE_5_OR_LESS, LARGE_SPREAD_20_OR_MORE"
Продукты / Мясная гастрономия / Колбасы и деликатесы,Колбасы и деликатесы,"DBS=5%, EXPRESS=21.5%, FBS=28.5%, FBY=21.5%",4,,,5.0,28.5,23.5,20260426_141844_marketplace-services-rates-01-04-2026.xlsx,2026-04-01,"LOW_FEE_5_OR_LESS, LARGE_SPREAD_20_OR_MORE"
Продукты / Рыбная гастрономия / Крабовое мясо и палочки / Крабовое мясо,Крабовое мясо,"DBS=5%, EXPRESS=21.5%, FBS=28.5%, FBY=21.5%",4,,,5.0,28.5,23.5,20260426_141844_marketplace-services-rates-01-04-2026.xlsx,2026-04-01,"LOW_FEE_5_OR_LESS, LARGE_SPREAD_20_OR_MORE"
Продукты / Рыбная гастрономия / Крабовое мясо и палочки,Крабовое мясо и палочки,"DBS=5%, EXPRESS=21.5%, FBS=28.5%, FBY=21.5%",4,,,5.0,28.5,23.5,20260426_141844_marketplace-services-rates-01-04-2026.xlsx,2026-04-01,"LOW_FEE_5_OR_LESS, LARGE_SPREAD_20_OR_MORE"
Продукты / Рыбная гастрономия / Крабовое мясо и палочки / Крабовые палочки,Крабовые палочки,"DBS=5%, EXPRESS=21.5%, FBS=28.5%, FBY=21.5%",4,,,5.0,28.5,23.5,20260426_141844_marketplace-services-rates-01-04-2026.xlsx,2026-04-01,"LOW_FEE_5_OR_LESS, LARGE_SPREAD_20_OR_MORE"
Продукты / Замороженные продукты / Мороженое / Лёд пищевой,Лёд пищевой,"DBS=5%, EXPRESS=21.5%, FBS=28.5%, FBY=21.5%",4,,,5.0,28.5,23.5,20260426_141844_marketplace-services-rates-01-04-2026.xlsx,2026-04-01,"LOW_FEE_5_OR_LESS, LARGE_SPREAD_20_OR_MORE"
"Продукты / Замороженные продукты / Замороженные блюда и полуфабрикаты / Пельмени, манты, хинкали / Манты замороженные",Манты замороженные,"DBS=5%, EXPRESS=21.5%, FBS=28.5%, FBY=21.5%",4,,,5.0,28.5,23.5,20260426_141844_marketplace-services-rates-01-04-2026.xlsx,2026-04-01,"LOW_FEE_5_OR_LESS, LARGE_SPREAD_20_OR_MORE"
Продукты / Молочная гастрономия / Масло и маргарин / Маргарин,Маргарин,"DBS=5%, EXPRESS=21.5%, FBS=28.5%, FBY=21.5%",4,,,5.0,28.5,23.5,20260426_141844_marketplace-services-rates-01-04-2026.xlsx,2026-04-01,"LOW_FEE_5_OR_LESS, LARGE_SPREAD_20_OR_MORE"
Продукты / Замороженные продукты / Рыба и морепродукты замороженные / Морепродукты и сурими,Морепродукты и сурими,"DBS=5%, EXPRESS=21.5%, FBS=28.5%, FBY=21.5%",4,,,5.0,28.5,23.5,20260426_141844_marketplace-services-rates-01-04-2026.xlsx,2026-04-01,"LOW_FEE_5_OR_LESS, LARGE_SPREAD_20_OR_MORE"
"Продукты / Рыбная гастрономия / Рыба, морепродукты / Морепродукты свежие",Морепродукты свежие,"DBS=5%, EXPRESS=21.5%, FBS=28.5%, FBY=21.5%",4,,,5.0,28.5,23.5,20260426_141844_marketplace-services-rates-01-04-2026.xlsx,2026-04-01,"LOW_FEE_5_OR_LESS, LARGE_SPREAD_20_OR_MORE"
Продукты / Кулинария / Вторые блюда / Мясные блюда,Мясные блюда,"DBS=5%, EXPRESS=21.5%, FBS=28.5%, FBY=21.5%",4,,,5.0,28.5,23.5,20260426_141844_marketplace-services-rates-01-04-2026.xlsx,2026-04-01,"LOW_FEE_5_OR_LESS, LARGE_SPREAD_20_OR_MORE"
Продукты / Замороженные продукты / Мясо и птица замороженные / Мясо,Мясо,"DBS=5%, EXPRESS=21.5%, FBS=28.5%, FBY=21.5%",4,,,5.0,28.5,23.5,20260426_141844_marketplace-services-rates-01-04-2026.xlsx,2026-04-01,"LOW_FEE_5_OR_LESS, LARGE_SPREAD_20_OR_MORE"
Продукты / Мясная гастрономия / Мясо и полуфабрикаты / Мясо,Мясо,"DBS=5%, EXPRESS=21.5%, FBS=28.5%, FBY=21.5%",4,,,5.0,28.5,23.5,20260426_141844_marketplace-services-rates-01-04-2026.xlsx,2026-04-01,"LOW_FEE_5_OR_LESS, LARGE_SPREAD_20_OR_MORE"
Продукты / Замороженные продукты / Мясо и птица замороженные,Мясо и птица замороженные,"DBS=5%, EXPRESS=21.5%, FBS=28.5%, FBY=21.5%",4,,,5.0,28.5,23.5,20260426_141844_marketplace-services-rates-01-04-2026.xlsx,2026-04-01,"LOW_FEE_5_OR_LESS, LARGE_SPREAD_20_OR_MORE"
"Продукты / Фрукты, овощи и грибы / Овощи / Наборы овощей свежих",Наборы овощей свежих,"DBS=5%, EXPRESS=21.5%, FBS=28.5%, FBY=21.5%",4,,,5.0,28.5,23.5,20260426_141844_marketplace-services-rates-01-04-2026.xlsx,2026-04-01,"LOW_FEE_5_OR_LESS, LARGE_SPREAD_20_OR_MORE"
Продукты / Молочная гастрономия / Кисломолочная продукция / Национальные кисломолочные продукты,Национальные кисломолочные продукты,"DBS=5%, EXPRESS=21.5%, FBS=28.5%, FBY=21.5%",4,,,5.0,28.5,23.5,20260426_141844_marketplace-services-rates-01-04-2026.xlsx,2026-04-01,"LOW_FEE_5_OR_LESS, LARGE_SPREAD_20_OR_MORE"
"Продукты / Фрукты, овощи и грибы / Овощи",Овощи,"DBS=5%, EXPRESS=21.5%, FBS=28.5%, FBY=21.5%",4,,,5.0,28.5,23.5,20260426_141844_marketplace-services-rates-01-04-2026.xlsx,2026-04-01,"LOW_FEE_5_OR_LESS, LARGE_SPREAD_20_OR_MORE"
"Продукты / Замороженные продукты / Овощи, фрукты, грибы замороженные / Овощи и смеси / Овощи замороженные",Овощи замороженные,"DBS=5%, EXPRESS=21.5%, FBS=28.5%, FBY=21.5%",4,,,5.0,28.5,23.5,20260426_141844_marketplace-services-rates-01-04-2026.xlsx,2026-04-01,"LOW_FEE_5_OR_LESS, LARGE_SPREAD_20_OR_MORE"
"Продукты / Фрукты, овощи и грибы / Овощи / Овощи свежие",Овощи свежие,"DBS=5%, EXPRESS=21.5%, FBS=28.5%, FBY=21.5%",4,,,5.0,28.5,23.5,20260426_141844_marketplace-services-rates-01-04-2026.xlsx,2026-04-01,"LOW_FEE_5_OR_LESS, LARGE_SPREAD_20_OR_MORE"
Продукты / Кулинария / Вторые блюда / Овощные блюда,Овощные блюда,"DBS=5%, EXPRESS=21.5%, FBS=28.5%, FBY=21.5%",4,,,5.0,28.5,23.5,20260426_141844_marketplace-services-rates-01-04-2026.xlsx,2026-04-01,"LOW_FEE_5_OR_LESS, LARGE_SPREAD_20_OR_MORE"
Продукты / Замороженные продукты / Замороженные блюда и полуфабрикаты / Готовые завтраки замороженные / Оладьи замороженные,Оладьи замороженные,"DBS=5%, EXPRESS=21.5%, FBS=28.5%, FBY=21.5%",4,,,5.0,28.5,23.5,20260426_141844_marketplace-services-rates-01-04-2026.xlsx,2026-04-01,"LOW_FEE_5_OR_LESS, LARGE_SPREAD_20_OR_MORE"
"Продукты / Мясная гастрономия / Колбасы и деликатесы / Паштеты, холодцы","Паштеты, холодцы","DBS=5%, EXPRESS=21.5%, FBS=28.5%, FBY=21.5%",4,,,5.0,28.5,23.5,20260426_141844_marketplace-services-rates-01-04-2026.xlsx,2026-04-01,"LOW_FEE_5_OR_LESS, LARGE_SPREAD_20_OR_MORE"
"Продукты / Замороженные продукты / Замороженные блюда и полуфабрикаты / Пельмени, манты, хинкали / Пельмени замороженные",Пельмени замороженные,"DBS=5%, EXPRESS=21.5%, FBS=28.5%, FBY=21.5%",4,,,5.0,28.5,23.5,20260426_141844_marketplace-services-rates-01-04-2026.xlsx,2026-04-01,"LOW_FEE_5_OR_LESS, LARGE_SPREAD_20_OR_MORE"
"Продукты / Замороженные продукты / Замороженные блюда и полуфабрикаты / Пельмени, манты, хинкали","Пельмени, манты, хинкали","DBS=5%, EXPRESS=21.5%, FBS=28.5%, FBY=21.5%",4,,,5.0,28.5,23.5,20260426_141844_marketplace-services-rates-01-04-2026.xlsx,2026-04-01,"LOW_FEE_5_OR_LESS, LARGE_SPREAD_20_OR_MORE"
Продукты / Замороженные продукты / Замороженные блюда и полуфабрикаты / Готовые блюда / Пиццы замороженные,Пиццы замороженные,"DBS=5%, EXPRESS=21.5%, FBS=28.5%, FBY=21.5%",4,,,5.0,28.5,23.5,20260426_141844_marketplace-services-rates-01-04-2026.xlsx,2026-04-01,"LOW_FEE_5_OR_LESS, LARGE_SPREAD_20_OR_MORE"
Продукты / Мясная гастрономия / Мясо и полуфабрикаты / Полуфабрикаты из мяса,Полуфабрикаты из мяса,"DBS=5%, EXPRESS=21.5%, FBS=28.5%, FBY=21.5%",4,,,5.0,28.5,23.5,20260426_141844_marketplace-services-rates-01-04-2026.xlsx,2026-04-01,"LOW_FEE_5_OR_LESS, LARGE_SPREAD_20_OR_MORE"
Продукты / Замороженные продукты / Замороженные блюда и полуфабрикаты / Полуфабрикаты из мяса и птицы,Полуфабрикаты из мяса и птицы,"DBS=5%, EXPRESS=21.5%, FBS=28.5%, FBY=21.5%",4,,,5.0,28.5,23.5,20260426_141844_marketplace-services-rates-01-04-2026.xlsx,2026-04-01,"LOW_FEE_5_OR_LESS, LARGE_SPREAD_20_OR_MORE"
Продукты / Мясная гастрономия / Птица и полуфабрикаты / Полуфабрикаты из птицы,Полуфабрикаты из птицы,"DBS=5%, EXPRESS=21.5%, FBS=28.5%, FBY=21.5%",4,,,5.0,28.5,23.5,20260426_141844_marketplace-services-rates-01-04-2026.xlsx,2026-04-01,"LOW_FEE_5_OR_LESS, LARGE_SPREAD_20_OR_MORE"
Продукты / Замороженные продукты / Замороженные блюда и полуфабрикаты / Полуфабрикаты из рыбы,Полуфабрикаты из рыбы,"DBS=5%, EXPRESS=21.5%, FBS=28.5%, FBY=21.5%",4,,,5.0,28.5,23.5,20260426_141844_marketplace-services-rates-01-04-2026.xlsx,2026-04-01,"LOW_FEE_5_OR_LESS, LARGE_SPREAD_20_OR_MORE"
Продукты / Рыбная гастрономия / Пресервы / Пресервы из рыбы и морепродуктов,Пресервы из рыбы и морепродуктов,"DBS=5%, EXPRESS=21.5%, FBS=28.5%, FBY=21.5%",4,,,5.0,28.5,23.5,20260426_141844_marketplace-services-rates-01-04-2026.xlsx,2026-04-01,"LOW_FEE_5_OR_LESS, LARGE_SPREAD_20_OR_MORE"
"Продукты / Фрукты, овощи и грибы / Зелень, салаты / Проростки и микрозелень пророщенная",Проростки и микрозелень пророщенная,"DBS=5%, EXPRESS=21.5%, FBS=28.5%, FBY=21.5%",4,,,5.0,28.5,23.5,20260426_141844_marketplace-services-rates-01-04-2026.xlsx,2026-04-01,"LOW_FEE_5_OR_LESS, LARGE_SPREAD_20_OR_MORE"
"Продукты / Молочная гастрономия / Кисломолочная продукция / Ряженка, простокваша / Простокваши",Простокваши,"DBS=5%, EXPRESS=21.5%, FBS=28.5%, FBY=21.5%",4,,,5.0,28.5,23.5,20260426_141844_marketplace-services-rates-01-04-2026.xlsx,2026-04-01,"LOW_FEE_5_OR_LESS, LARGE_SPREAD_20_OR_MORE"
Продукты / Замороженные продукты / Мясо и птица замороженные / Птица,Птица,"DBS=5%, EXPRESS=21.5%, FBS=28.5%, FBY=21.5%",4,,,5.0,28.5,23.5,20260426_141844_marketplace-services-rates-01-04-2026.xlsx,2026-04-01,"LOW_FEE_5_OR_LESS, LARGE_SPREAD_20_OR_MORE"
Продукты / Мясная гастрономия / Птица и полуфабрикаты / Птица,Птица,"DBS=5%, EXPRESS=21.5%, FBS=28.5%, FBY=21.5%",4,,,5.0,28.5,23.5,20260426_141844_marketplace-services-rates-01-04-2026.xlsx,2026-04-01,"LOW_FEE_5_OR_LESS, LARGE_SPREAD_20_OR_MORE"
Продукты / Мясная гастрономия / Птица и полуфабрикаты,Птица и полуфабрикаты,"DBS=5%, EXPRESS=21.5%, FBS=28.5%, FBY=21.5%",4,,,5.0,28.5,23.5,20260426_141844_marketplace-services-rates-01-04-2026.xlsx,2026-04-01,"LOW_FEE_5_OR_LESS, LARGE_SPREAD_20_OR_MORE"
Продукты / Молочная гастрономия / Растительные напитки,Растительные напитки,"DBS=5%, EXPRESS=21.5%, FBS=28.5%, FBY=21.5%",4,,,5.0,28.5,23.5,20260426_141844_marketplace-services-rates-01-04-2026.xlsx,2026-04-01,"LOW_FEE_5_OR_LESS, LARGE_SPREAD_20_OR_MORE"
Продукты / Молочная гастрономия / Растительные напитки / Растительные напитки,Растительные напитки,"DBS=5%, EXPRESS=21.5%, FBS=28.5%, FBY=21.5%",4,,,5.0,28.5,23.5,20260426_141844_marketplace-services-rates-01-04-2026.xlsx,2026-04-01,"LOW_FEE_5_OR_LESS, LARGE_SPREAD_20_OR_MORE"
Продукты / Замороженные продукты / Рыба и морепродукты замороженные / Рыба,Рыба,"DBS=5%, EXPRESS=21.5%, FBS=28.5%, FBY=21.5%",4,,,5.0,28.5,23.5,20260426_141844_marketplace-services-rates-01-04-2026.xlsx,2026-04-01,"LOW_FEE_5_OR_LESS, LARGE_SPREAD_20_OR_MORE"
Продукты / Замороженные продукты / Рыба и морепродукты замороженные,Рыба и морепродукты замороженные,"DBS=5%, EXPRESS=21.5%, FBS=28.5%, FBY=21.5%",4,,,5.0,28.5,23.5,20260426_141844_marketplace-services-rates-01-04-2026.xlsx,2026-04-01,"LOW_FEE_5_OR_LESS, LARGE_SPREAD_20_OR_MORE"
"Продукты / Рыбная гастрономия / Рыба, морепродукты / Рыба соленая, копченая","Рыба соленая, копченая","DBS=5%, EXPRESS=21.5%, FBS=28.5%, FBY=21.5%",4,,,5.0,28.5,23.5,20260426_141844_marketplace-services-rates-01-04-2026.xlsx,2026-04-01,"LOW_FEE_5_OR_LESS, LARGE_SPREAD_20_OR_MORE"
"Продукты / Рыбная гастрономия / Рыба, морепродукты / Рыба соленая, копченая / Рыба солёная",Рыба солёная,"DBS=5%, EXPRESS=21.5%, FBS=28.5%, FBY=21.5%",4,,,5.0,28.5,23.5,20260426_141844_marketplace-services-rates-01-04-2026.xlsx,2026-04-01,"LOW_FEE_5_OR_LESS, LARGE_SPREAD_20_OR_MORE"
"Продукты / Рыбная гастрономия / Рыба, морепродукты","Рыба, морепродукты","DBS=5%, EXPRESS=21.5%, FBS=28.5%, FBY=21.5%",4,,,5.0,28.5,23.5,20260426_141844_marketplace-services-rates-01-04-2026.xlsx,2026-04-01,"LOW_FEE_5_OR_LESS, LARGE_SPREAD_20_OR_MORE"
Продукты / Кулинария / Вторые блюда / Рыбные блюда,Рыбные блюда,"DBS=5%, EXPRESS=21.5%, FBS=28.5%, FBY=21.5%",4,,,5.0,28.5,23.5,20260426_141844_marketplace-services-rates-01-04-2026.xlsx,2026-04-01,"LOW_FEE_5_OR_LESS, LARGE_SPREAD_20_OR_MORE"
"Продукты / Молочная гастрономия / Кисломолочная продукция / Ряженка, простокваша","Ряженка, простокваша","DBS=5%, EXPRESS=21.5%, FBS=28.5%, FBY=21.5%",4,,,5.0,28.5,23.5,20260426_141844_marketplace-services-rates-01-04-2026.xlsx,2026-04-01,"LOW_FEE_5_OR_LESS, LARGE_SPREAD_20_OR_MORE"
"Продукты / Молочная гастрономия / Кисломолочная продукция / Ряженка, простокваша / Ряженки",Ряженки,"DBS=5%, EXPRESS=21.5%, FBS=28.5%, FBY=21.5%",4,,,5.0,28.5,23.5,20260426_141844_marketplace-services-rates-01-04-2026.xlsx,2026-04-01,"LOW_FEE_5_OR_LESS, LARGE_SPREAD_20_OR_MORE"
"Продукты / Фрукты, овощи и грибы / Зелень, салаты / Салаты листовые",Салаты листовые,"DBS=5%, EXPRESS=21.5%, FBS=28.5%, FBY=21.5%",4,,,5.0,28.5,23.5,20260426_141844_marketplace-services-rates-01-04-2026.xlsx,2026-04-01,"LOW_FEE_5_OR_LESS, LARGE_SPREAD_20_OR_MORE"
"Продукты / Мясная гастрономия / Колбасы и деликатесы / Сосиски, сардельки, колбаски / Сардельки",Сардельки,"DBS=5%, EXPRESS=21.5%, FBS=28.5%, FBY=21.5%",4,,,5.0,28.5,23.5,20260426_141844_marketplace-services-rates-01-04-2026.xlsx,2026-04-01,"LOW_FEE_5_OR_LESS, LARGE_SPREAD_20_OR_MORE"
Продукты / Молочная гастрономия / Масло и маргарин / Сливочное масло,Сливочное масло,"DBS=5%, EXPRESS=21.5%, FBS=28.5%, FBY=21.5%",4,,,5.0,28.5,23.5,20260426_141844_marketplace-services-rates-01-04-2026.xlsx,2026-04-01,"LOW_FEE_5_OR_LESS, LARGE_SPREAD_20_OR_MORE"
Продукты / Молочная гастрономия / Сметана,Сметана,"DBS=5%, EXPRESS=21.5%, FBS=28.5%, FBY=21.5%",4,,,5.0,28.5,23.5,20260426_141844_marketplace-services-rates-01-04-2026.xlsx,2026-04-01,"LOW_FEE_5_OR_LESS, LARGE_SPREAD_20_OR_MORE"
Продукты / Молочная гастрономия / Сметана / Сметана,Сметана,"DBS=5%, EXPRESS=21.5%, FBS=28.5%, FBY=21.5%",4,,,5.0,28.5,23.5,20260426_141844_marketplace-services-rates-01-04-2026.xlsx,2026-04-01,"LOW_FEE_5_OR_LESS, LARGE_SPREAD_20_OR_MORE"
Продукты / Молочная гастрономия / Сметана / Сметанные продукты,Сметанные продукты,"DBS=5%, EXPRESS=21.5%, FBS=28.5%, FBY=21.5%",4,,,5.0,28.5,23.5,20260426_141844_marketplace-services-rates-01-04-2026.xlsx,2026-04-01,"LOW_FEE_5_OR_LESS, LARGE_SPREAD_20_OR_MORE"
Продукты / Молочная гастрономия / Кисломолочная продукция / Кефир / Снежки,Снежки,"DBS=5%, EXPRESS=21.5%, FBS=28.5%, FBY=21.5%",4,,,5.0,28.5,23.5,20260426_141844_marketplace-services-rates-01-04-2026.xlsx,2026-04-01,"LOW_FEE_5_OR_LESS, LARGE_SPREAD_20_OR_MORE"
"Продукты / Мясная гастрономия / Колбасы и деликатесы / Сосиски, сардельки, колбаски / Сосиски",Сосиски,"DBS=5%, EXPRESS=21.5%, FBS=28.5%, FBY=21.5%",4,,,5.0,28.5,23.5,20260426_141844_marketplace-services-rates-01-04-2026.xlsx,2026-04-01,"LOW_FEE_5_OR_LESS, LARGE_SPREAD_20_OR_MORE"
"Продукты / Мясная гастрономия / Колбасы и деликатесы / Сосиски, сардельки, колбаски","Сосиски, сардельки, колбаски","DBS=5%, EXPRESS=21.5%, FBS=28.5%, FBY=21.5%",4,,,5.0,28.5,23.5,20260426_141844_marketplace-services-rates-01-04-2026.xlsx,2026-04-01,"LOW_FEE_5_OR_LESS, LARGE_SPREAD_20_OR_MORE"
Продукты / Молочная гастрономия / Масло и маргарин / Спреды,Спреды,"DBS=5%, EXPRESS=21.5%, FBS=28.5%, FBY=21.5%",4,,,5.0,28.5,23.5,20260426_141844_marketplace-services-rates-01-04-2026.xlsx,2026-04-01,"LOW_FEE_5_OR_LESS, LARGE_SPREAD_20_OR_MORE"
Продукты / Замороженные продукты / Мясо и птица замороженные / Субпродукты,Субпродукты,"DBS=5%, EXPRESS=21.5%, FBS=28.5%, FBY=21.5%",4,,,5.0,28.5,23.5,20260426_141844_marketplace-services-rates-01-04-2026.xlsx,2026-04-01,"LOW_FEE_5_OR_LESS, LARGE_SPREAD_20_OR_MORE"
Продукты / Мясная гастрономия / Птица и полуфабрикаты / Субпродукты из птицы,Субпродукты из птицы,"DBS=5%, EXPRESS=21.5%, FBS=28.5%, FBY=21.5%",4,,,5.0,28.5,23.5,20260426_141844_marketplace-services-rates-01-04-2026.xlsx,2026-04-01,"LOW_FEE_5_OR_LESS, LARGE_SPREAD_20_OR_MORE"
Продукты / Мясная гастрономия / Птица и полуфабрикаты / Субпродукты из птицы / Субпродукты из птицы охлаждённые,Субпродукты из птицы охлаждённые,"DBS=5%, EXPRESS=21.5%, FBS=28.5%, FBY=21.5%",4,,,5.0,28.5,23.5,20260426_141844_marketplace-services-rates-01-04-2026.xlsx,2026-04-01,"LOW_FEE_5_OR_LESS, LARGE_SPREAD_20_OR_MORE"
"Продукты / Кулинария / Супы, бульоны","Супы, бульоны","DBS=5%, EXPRESS=21.5%, FBS=28.5%, FBY=21.5%",4,,,5.0,28.5,23.5,20260426_141844_marketplace-services-rates-01-04-2026.xlsx,2026-04-01,"LOW_FEE_5_OR_LESS, LARGE_SPREAD_20_OR_MORE"
"Продукты / Молочная гастрономия / Молочные снеки, сырки / Сырки творожные",Сырки творожные,"DBS=5%, EXPRESS=21.5%, FBS=28.5%, FBY=21.5%",4,,,5.0,28.5,23.5,20260426_141844_marketplace-services-rates-01-04-2026.xlsx,2026-04-01,"LOW_FEE_5_OR_LESS, LARGE_SPREAD_20_OR_MORE"
Продукты / Молочная гастрономия / Сыр / Сыры,Сыры,"DBS=5%, EXPRESS=21.5%, FBS=28.5%, FBY=21.5%",4,,,5.0,28.5,23.5,20260426_141844_marketplace-services-rates-01-04-2026.xlsx,2026-04-01,"LOW_FEE_5_OR_LESS, LARGE_SPREAD_20_OR_MORE"
Продукты / Молочная гастрономия / Творог,Творог,"DBS=5%, EXPRESS=21.5%, FBS=28.5%, FBY=21.5%",4,,,5.0,28.5,23.5,20260426_141844_marketplace-services-rates-01-04-2026.xlsx,2026-04-01,"LOW_FEE_5_OR_LESS, LARGE_SPREAD_20_OR_MORE"
Продукты / Молочная гастрономия / Творог / Творог,Творог,"DBS=5%, EXPRESS=21.5%, FBS=28.5%, FBY=21.5%",4,,,5.0,28.5,23.5,20260426_141844_marketplace-services-rates-01-04-2026.xlsx,2026-04-01,"LOW_FEE_5_OR_LESS, LARGE_SPREAD_20_OR_MORE"
Продукты / Молочная гастрономия / Творог / Творожные массы,Творожные массы,"DBS=5%, EXPRESS=21.5%, FBS=28.5%, FBY=21.5%",4,,,5.0,28.5,23.5,20260426_141844_marketplace-services-rates-01-04-2026.xlsx,2026-04-01,"LOW_FEE_5_OR_LESS, LARGE_SPREAD_20_OR_MORE"
Продукты / Молочная гастрономия / Творог / Творожные продукты,Творожные продукты,"DBS=5%, EXPRESS=21.5%, FBS=28.5%, FBY=21.5%",4,,,5.0,28.5,23.5,20260426_141844_marketplace-services-rates-01-04-2026.xlsx,2026-04-01,"LOW_FEE_5_OR_LESS, LARGE_SPREAD_20_OR_MORE"
"Продукты / Кулинария / Пицца, тесто, охлажденные мучные полуфабрикаты / Тесто охлажденное",Тесто охлажденное,"DBS=5%, EXPRESS=21.5%, FBS=28.5%, FBY=21.5%",4,,,5.0,28.5,23.5,20260426_141844_marketplace-services-rates-01-04-2026.xlsx,2026-04-01,"LOW_FEE_5_OR_LESS, LARGE_SPREAD_20_OR_MORE"
Продукты / Мясная гастрономия / Птица и полуфабрикаты / Субпродукты из птицы / Топлёный жир птицы,Топлёный жир птицы,"DBS=5%, EXPRESS=21.5%, FBS=28.5%, FBY=21.5%",4,,,5.0,28.5,23.5,20260426_141844_marketplace-services-rates-01-04-2026.xlsx,2026-04-01,"LOW_FEE_5_OR_LESS, LARGE_SPREAD_20_OR_MORE"
Продукты / Мясная гастрономия / Фарш,Фарш,"DBS=5%, EXPRESS=21.5%, FBS=28.5%, FBY=21.5%",4,,,5.0,28.5,23.5,20260426_141844_marketplace-services-rates-01-04-2026.xlsx,2026-04-01,"LOW_FEE_5_OR_LESS, LARGE_SPREAD_20_OR_MORE"
"Продукты / Замороженные продукты / Овощи, фрукты, грибы замороженные / Фрукты и ягоды / Фруктовые и ягодные смеси замороженные",Фруктовые и ягодные смеси замороженные,"DBS=5%, EXPRESS=21.5%, FBS=28.5%, FBY=21.5%",4,,,5.0,28.5,23.5,20260426_141844_marketplace-services-rates-01-04-2026.xlsx,2026-04-01,"LOW_FEE_5_OR_LESS, LARGE_SPREAD_20_OR_MORE"
"Продукты / Консервация / Фруктово-ягодная консервация / Варенье, протертые ягоды / Фрукты перетёртые консервированные",Фрукты перетёртые консервированные,"DBS=5%, EXPRESS=21.5%, FBS=28.5%, FBY=21.5%",4,,,5.0,28.5,23.5,20260426_141844_marketplace-services-rates-01-04-2026.xlsx,2026-04-01,"LOW_FEE_5_OR_LESS, LARGE_SPREAD_20_OR_MORE"
"Продукты / Замороженные продукты / Замороженные блюда и полуфабрикаты / Пельмени, манты, хинкали / Хинкали замороженные",Хинкали замороженные,"DBS=5%, EXPRESS=21.5%, FBS=28.5%, FBY=21.5%",4,,,5.0,28.5,23.5,20260426_141844_marketplace-services-rates-01-04-2026.xlsx,2026-04-01,"LOW_FEE_5_OR_LESS, LARGE_SPREAD_20_OR_MORE"
Продукты / Замороженные продукты / Замороженные блюда и полуфабрикаты / Хлеб и выпечка / Хлеб замороженный,Хлеб замороженный,"DBS=5%, EXPRESS=21.5%, FBS=28.5%, FBY=21.5%",4,,,5.0,28.5,23.5,20260426_141844_marketplace-services-rates-01-04-2026.xlsx,2026-04-01,"LOW_FEE_5_OR_LESS, LARGE_SPREAD_20_OR_MORE"
Продукты / Замороженные продукты / Замороженные блюда и полуфабрикаты / Хлеб и выпечка,Хлеб и выпечка,"DBS=5%, EXPRESS=21.5%, FBS=28.5%, FBY=21.5%",4,,,5.0,28.5,23.5,20260426_141844_marketplace-services-rates-01-04-2026.xlsx,2026-04-01,"LOW_FEE_5_OR_LESS, LARGE_SPREAD_20_OR_MORE"
"Продукты / Мясная гастрономия / Колбасы и деликатесы / Паштеты, холодцы / Холодец",Холодец,"DBS=5%, EXPRESS=21.5%, FBS=28.5%, FBY=21.5%",4,,,5.0,28.5,23.5,20260426_141844_marketplace-services-rates-01-04-2026.xlsx,2026-04-01,"LOW_FEE_5_OR_LESS, LARGE_SPREAD_20_OR_MORE"
"Продукты / Мясная гастрономия / Колбасы и деликатесы / Сосиски, сардельки, колбаски / Шпикачки",Шпикачки,"DBS=5%, EXPRESS=21.5%, FBS=28.5%, FBY=21.5%",4,,,5.0,28.5,23.5,20260426_141844_marketplace-services-rates-01-04-2026.xlsx,2026-04-01,"LOW_FEE_5_OR_LESS, LARGE_SPREAD_20_OR_MORE"
Продукты / Молочная гастрономия / Яйца,Яйца,"DBS=5%, EXPRESS=21.5%, FBS=28.5%, FBY=21.5%",4,,,5.0,28.5,23.5,20260426_141844_marketplace-services-rates-01-04-2026.xlsx,2026-04-01,"LOW_FEE_5_OR_LESS, LARGE_SPREAD_20_OR_MORE"
Продукты / Безалкогольные напитки / Соки и нектары / Напитки сокосодержащие,Напитки сокосодержащие,"DBS=5%, EXPRESS=21%, FBS=28%, FBY=21%",4,,,5.0,28.0,23.0,20260426_141844_marketplace-services-rates-01-04-2026.xlsx,2026-04-01,"LOW_FEE_5_OR_LESS, LARGE_SPREAD_20_OR_MORE"
"Продукты / Кулинария / Сэндвичи, бургеры / Бургеры",Бургеры,"DBS=5%, EXPRESS=20.5%, FBS=27.5%, FBY=20.5%",4,,,5.0,27.5,22.5,20260426_141844_marketplace-services-rates-01-04-2026.xlsx,2026-04-01,"LOW_FEE_5_OR_LESS, LARGE_SPREAD_20_OR_MORE"
Продукты / Кулинария / Холодные блюда и закуски / Закуски из мяса и птицы охлажденные,Закуски из мяса и птицы охлажденные,"DBS=5%, EXPRESS=20.5%, FBS=27.5%, FBY=20.5%",4,,,5.0,27.5,22.5,20260426_141844_marketplace-services-rates-01-04-2026.xlsx,2026-04-01,"LOW_FEE_5_OR_LESS, LARGE_SPREAD_20_OR_MORE"
Продукты / Кулинария / Холодные блюда и закуски / Закуски из яиц и молочных продуктов,Закуски из яиц и молочных продуктов,"DBS=5%, EXPRESS=20.5%, FBS=27.5%, FBY=20.5%",4,,,5.0,27.5,22.5,20260426_141844_marketplace-services-rates-01-04-2026.xlsx,2026-04-01,"LOW_FEE_5_OR_LESS, LARGE_SPREAD_20_OR_MORE"
Продукты / Кулинария / Салаты / Наборы для приготовления салата,Наборы для приготовления салата,"DBS=5%, EXPRESS=20.5%, FBS=27.5%, FBY=20.5%",4,,,5.0,27.5,22.5,20260426_141844_marketplace-services-rates-01-04-2026.xlsx,2026-04-01,"LOW_FEE_5_OR_LESS, LARGE_SPREAD_20_OR_MORE"
Продукты / Кулинария / Салаты,Салаты,"DBS=5%, EXPRESS=20.5%, FBS=27.5%, FBY=20.5%",4,,,5.0,27.5,22.5,20260426_141844_marketplace-services-rates-01-04-2026.xlsx,2026-04-01,"LOW_FEE_5_OR_LESS, LARGE_SPREAD_20_OR_MORE"
Продукты / Кулинария / Салаты / Салаты готовые охлажденные,Салаты готовые охлажденные,"DBS=5%, EXPRESS=20.5%, FBS=27.5%, FBY=20.5%",4,,,5.0,27.5,22.5,20260426_141844_marketplace-services-rates-01-04-2026.xlsx,2026-04-01,"LOW_FEE_5_OR_LESS, LARGE_SPREAD_20_OR_MORE"
Продукты / Кулинария / Салаты / Смеси для окрошки,Смеси для окрошки,"DBS=5%, EXPRESS=20.5%, FBS=27.5%, FBY=20.5%",4,,,5.0,27.5,22.5,20260426_141844_marketplace-services-rates-01-04-2026.xlsx,2026-04-01,"LOW_FEE_5_OR_LESS, LARGE_SPREAD_20_OR_MORE"
Продукты / Безалкогольные напитки / Холодный чай,Холодный чай,"DBS=5%, EXPRESS=20.5%, FBS=27.5%, FBY=20.5%",4,,,5.0,27.5,22.5,20260426_141844_marketplace-services-rates-01-04-2026.xlsx,2026-04-01,"LOW_FEE_5_OR_LESS, LARGE_SPREAD_20_OR_MORE"
"Продукты / Кулинария / Сэндвичи, бургеры / Хот-доги",Хот-доги,"DBS=5%, EXPRESS=20.5%, FBS=27.5%, FBY=20.5%",4,,,5.0,27.5,22.5,20260426_141844_marketplace-services-rates-01-04-2026.xlsx,2026-04-01,"LOW_FEE_5_OR_LESS, LARGE_SPREAD_20_OR_MORE"
"Продукты / Фрукты, овощи и грибы / Ягоды / Ассорти из ягод свежих",Ассорти из ягод свежих,"DBS=5%, EXPRESS=18.5%, FBS=25.5%, FBY=18.5%",4,,,5.0,25.5,20.5,20260426_141844_marketplace-services-rates-01-04-2026.xlsx,2026-04-01,"LOW_FEE_5_OR_LESS, LARGE_SPREAD_20_OR_MORE"
Продукты / Кулинария / Вторые блюда / Блюда из птицы,Блюда из птицы,"DBS=5%, EXPRESS=18.5%, FBS=25.5%, FBY=18.5%",4,,,5.0,25.5,20.5,20260426_141844_marketplace-services-rates-01-04-2026.xlsx,2026-04-01,"LOW_FEE_5_OR_LESS, LARGE_SPREAD_20_OR_MORE"
Продукты / Хлеб и выпечка / Выпечка и сдоба,Выпечка и сдоба,"DBS=5%, EXPRESS=18.5%, FBS=25.5%, FBY=18.5%",4,,,5.0,25.5,20.5,20260426_141844_marketplace-services-rates-01-04-2026.xlsx,2026-04-01,"LOW_FEE_5_OR_LESS, LARGE_SPREAD_20_OR_MORE"
Продукты / Замороженные продукты / Замороженные блюда и полуфабрикаты / Готовые блюда / Готовые блюда замороженные,Готовые блюда замороженные,"DBS=5%, EXPRESS=18.5%, FBS=25.5%, FBY=18.5%",4,,,5.0,25.5,20.5,20260426_141844_marketplace-services-rates-01-04-2026.xlsx,2026-04-01,"LOW_FEE_5_OR_LESS, LARGE_SPREAD_20_OR_MORE"
"Продукты / Фрукты, овощи и грибы / Грибы / Грибы свежие",Грибы свежие,"DBS=5%, EXPRESS=18.5%, FBS=25.5%, FBY=18.5%",4,,,5.0,25.5,20.5,20260426_141844_marketplace-services-rates-01-04-2026.xlsx,2026-04-01,"LOW_FEE_5_OR_LESS, LARGE_SPREAD_20_OR_MORE"
Продукты / Мясная гастрономия / Колбасы и деликатесы / Деликатесы мясные,Деликатесы мясные,"DBS=5%, EXPRESS=18.5%, FBS=25.5%, FBY=18.5%",4,,,5.0,25.5,20.5,20260426_141844_marketplace-services-rates-01-04-2026.xlsx,2026-04-01,"LOW_FEE_5_OR_LESS, LARGE_SPREAD_20_OR_MORE"
"Продукты / Молочная гастрономия / Десерты, желе / Желе",Желе,"DBS=5%, EXPRESS=18.5%, FBS=25.5%, FBY=18.5%",4,,,5.0,25.5,20.5,20260426_141844_marketplace-services-rates-01-04-2026.xlsx,2026-04-01,"LOW_FEE_5_OR_LESS, LARGE_SPREAD_20_OR_MORE"
Продукты / Кулинария / Холодные блюда и закуски / Закуски овощные охлажденные,Закуски овощные охлажденные,"DBS=5%, EXPRESS=18.5%, FBS=25.5%, FBY=18.5%",4,,,5.0,25.5,20.5,20260426_141844_marketplace-services-rates-01-04-2026.xlsx,2026-04-01,"LOW_FEE_5_OR_LESS, LARGE_SPREAD_20_OR_MORE"
"Продукты / Рыбная гастрономия / Пресервы / Салаты, закуски / Закуски рыбные",Закуски рыбные,"DBS=5%, EXPRESS=18.5%, FBS=25.5%, FBY=18.5%",4,,,5.0,25.5,20.5,20260426_141844_marketplace-services-rates-01-04-2026.xlsx,2026-04-01,"LOW_FEE_5_OR_LESS, LARGE_SPREAD_20_OR_MORE"
Продукты / Рыбная гастрономия / Икра,Икра,"DBS=5%, EXPRESS=18.5%, FBS=25.5%, FBY=18.5%",4,,,5.0,25.5,20.5,20260426_141844_marketplace-services-rates-01-04-2026.xlsx,2026-04-01,"LOW_FEE_5_OR_LESS, LARGE_SPREAD_20_OR_MORE"
Продукты / Рыбная гастрономия / Икра / Икра,Икра,"DBS=5%, EXPRESS=18.5%, FBS=25.5%, FBY=18.5%",4,,,5.0,25.5,20.5,20260426_141844_marketplace-services-rates-01-04-2026.xlsx,2026-04-01,"LOW_FEE_5_OR_LESS, LARGE_SPREAD_20_OR_MORE"
Продукты / Рыбная гастрономия / Икра / Имитация икры,Имитация икры,"DBS=5%, EXPRESS=18.5%, FBS=25.5%, FBY=18.5%",4,,,5.0,25.5,20.5,20260426_141844_marketplace-services-rates-01-04-2026.xlsx,2026-04-01,"LOW_FEE_5_OR_LESS, LARGE_SPREAD_20_OR_MORE"
Продукты / Кулинария / Холодные блюда и закуски / Канапе и тарталетки закусочные,Канапе и тарталетки закусочные,"DBS=5%, EXPRESS=18.5%, FBS=25.5%, FBY=18.5%",4,,,5.0,25.5,20.5,20260426_141844_marketplace-services-rates-01-04-2026.xlsx,2026-04-01,"LOW_FEE_5_OR_LESS, LARGE_SPREAD_20_OR_MORE"
Продукты / Молочная гастрономия / Кисломолочная продукция / Кефир / Кисломолочные напитки с бифидобактериями,Кисломолочные напитки с бифидобактериями,"DBS=5%, EXPRESS=18.5%, FBS=25.5%, FBY=18.5%",4,,,5.0,25.5,20.5,20260426_141844_marketplace-services-rates-01-04-2026.xlsx,2026-04-01,"LOW_FEE_5_OR_LESS, LARGE_SPREAD_20_OR_MORE"
Продукты / Молочная гастрономия / Майонез,Майонез,"DBS=5%, EXPRESS=18.5%, FBS=25.5%, FBY=18.5%",4,,,5.0,25.5,20.5,20260426_141844_marketplace-services-rates-01-04-2026.xlsx,2026-04-01,"LOW_FEE_5_OR_LESS, LARGE_SPREAD_20_OR_MORE"
Продукты / Молочная гастрономия / Майонез / Майонезы,Майонезы,"DBS=5%, EXPRESS=18.5%, FBS=25.5%, FBY=18.5%",4,,,5.0,25.5,20.5,20260426_141844_marketplace-services-rates-01-04-2026.xlsx,2026-04-01,"LOW_FEE_5_OR_LESS, LARGE_SPREAD_20_OR_MORE"
"Продукты / Фрукты, овощи и грибы / Фрукты / Наборы фруктов свежих",Наборы фруктов свежих,"DBS=5%, EXPRESS=18.5%, FBS=25.5%, FBY=18.5%",4,,,5.0,25.5,20.5,20260426_141844_marketplace-services-rates-01-04-2026.xlsx,2026-04-01,"LOW_FEE_5_OR_LESS, LARGE_SPREAD_20_OR_MORE"
"Продукты / Мясная гастрономия / Колбасы и деликатесы / Паштеты, холодцы / Паштеты",Паштеты,"DBS=5%, EXPRESS=18.5%, FBS=25.5%, FBY=18.5%",4,,,5.0,25.5,20.5,20260426_141844_marketplace-services-rates-01-04-2026.xlsx,2026-04-01,"LOW_FEE_5_OR_LESS, LARGE_SPREAD_20_OR_MORE"
"Продукты / Рыбная гастрономия / Рыба, морепродукты / Рыба живая, свежая","Рыба живая, свежая","DBS=5%, EXPRESS=18.5%, FBS=25.5%, FBY=18.5%",4,,,5.0,25.5,20.5,20260426_141844_marketplace-services-rates-01-04-2026.xlsx,2026-04-01,"LOW_FEE_5_OR_LESS, LARGE_SPREAD_20_OR_MORE"
"Продукты / Рыбная гастрономия / Рыба, морепродукты / Рыба соленая, копченая / Рыба копчёная",Рыба копчёная,"DBS=5%, EXPRESS=18.5%, FBS=25.5%, FBY=18.5%",4,,,5.0,25.5,20.5,20260426_141844_marketplace-services-rates-01-04-2026.xlsx,2026-04-01,"LOW_FEE_5_OR_LESS, LARGE_SPREAD_20_OR_MORE"
Продукты / Молочная гастрономия / Молочные консервы / Сгущённое молоко,Сгущённое молоко,"DBS=5%, EXPRESS=18.5%, FBS=25.5%, FBY=18.5%",4,,,5.0,25.5,20.5,20260426_141844_marketplace-services-rates-01-04-2026.xlsx,2026-04-01,"LOW_FEE_5_OR_LESS, LARGE_SPREAD_20_OR_MORE"
Продукты / Кулинария / Соленые овощи и грибы,Соленые овощи и грибы,"DBS=5%, EXPRESS=18.5%, FBS=25.5%, FBY=18.5%",4,,,5.0,25.5,20.5,20260426_141844_marketplace-services-rates-01-04-2026.xlsx,2026-04-01,"LOW_FEE_5_OR_LESS, LARGE_SPREAD_20_OR_MORE"
"Продукты / Бакалейные товары / Соусы, кетчупы / Соусы",Соусы,"DBS=5%, EXPRESS=18.5%, FBS=25.5%, FBY=18.5%",4,,,5.0,25.5,20.5,20260426_141844_marketplace-services-rates-01-04-2026.xlsx,2026-04-01,"LOW_FEE_5_OR_LESS, LARGE_SPREAD_20_OR_MORE"
"Продукты / Бакалейные товары / Соусы, кетчупы / Соусы / Соусы",Соусы,"DBS=5%, EXPRESS=18.5%, FBS=25.5%, FBY=18.5%",4,,,5.0,25.5,20.5,20260426_141844_marketplace-services-rates-01-04-2026.xlsx,2026-04-01,"LOW_FEE_5_OR_LESS, LARGE_SPREAD_20_OR_MORE"
Продукты / Молочная гастрономия / Майонез / Соусы майонезные,Соусы майонезные,"DBS=5%, EXPRESS=18.5%, FBS=25.5%, FBY=18.5%",4,,,5.0,25.5,20.5,20260426_141844_marketplace-services-rates-01-04-2026.xlsx,2026-04-01,"LOW_FEE_5_OR_LESS, LARGE_SPREAD_20_OR_MORE"
Продукты / Мясная гастрономия / Мясо и полуфабрикаты / Субпродукты мясные / Субпродукты мясные охлаждённые,Субпродукты мясные охлаждённые,"DBS=5%, EXPRESS=18.5%, FBS=25.5%, FBY=18.5%",4,,,5.0,25.5,20.5,20260426_141844_marketplace-services-rates-01-04-2026.xlsx,2026-04-01,"LOW_FEE_5_OR_LESS, LARGE_SPREAD_20_OR_MORE"
"Продукты / Кулинария / Супы, бульоны / Супы готовые охлажденные",Супы готовые охлажденные,"DBS=5%, EXPRESS=18.5%, FBS=25.5%, FBY=18.5%",4,,,5.0,25.5,20.5,20260426_141844_marketplace-services-rates-01-04-2026.xlsx,2026-04-01,"LOW_FEE_5_OR_LESS, LARGE_SPREAD_20_OR_MORE"
Продукты / Мясная гастрономия / Мясо и полуфабрикаты / Субпродукты мясные / Топлёный жир мясной,Топлёный жир мясной,"DBS=5%, EXPRESS=18.5%, FBS=25.5%, FBY=18.5%",4,,,5.0,25.5,20.5,20260426_141844_marketplace-services-rates-01-04-2026.xlsx,2026-04-01,"LOW_FEE_5_OR_LESS, LARGE_SPREAD_20_OR_MORE"
"Продукты / Фрукты, овощи и грибы / Фрукты",Фрукты,"DBS=5%, EXPRESS=18.5%, FBS=25.5%, FBY=18.5%",4,,,5.0,25.5,20.5,20260426_141844_marketplace-services-rates-01-04-2026.xlsx,2026-04-01,"LOW_FEE_5_OR_LESS, LARGE_SPREAD_20_OR_MORE"
"Продукты / Фрукты, овощи и грибы / Фрукты / Фрукты свежие",Фрукты свежие,"DBS=5%, EXPRESS=18.5%, FBS=25.5%, FBY=18.5%",4,,,5.0,25.5,20.5,20260426_141844_marketplace-services-rates-01-04-2026.xlsx,2026-04-01,"LOW_FEE_5_OR_LESS, LARGE_SPREAD_20_OR_MORE"
Продукты / Безалкогольные напитки / Энергетические напитки,Энергетические напитки,"DBS=5%, EXPRESS=18.5%, FBS=25.5%, FBY=18.5%",4,,,5.0,25.5,20.5,20260426_141844_marketplace-services-rates-01-04-2026.xlsx,2026-04-01,"LOW_FEE_5_OR_LESS, LARGE_SPREAD_20_OR_MORE"
"Продукты / Фрукты, овощи и грибы / Ягоды",Ягоды,"DBS=5%, EXPRESS=18.5%, FBS=25.5%, FBY=18.5%",4,,,5.0,25.5,20.5,20260426_141844_marketplace-services-rates-01-04-2026.xlsx,2026-04-01,"LOW_FEE_5_OR_LESS, LARGE_SPREAD_20_OR_MORE"
"Продукты / Фрукты, овощи и грибы / Ягоды / Ягоды свежие",Ягоды свежие,"DBS=5%, EXPRESS=18.5%, FBS=25.5%, FBY=18.5%",4,,,5.0,25.5,20.5,20260426_141844_marketplace-services-rates-01-04-2026.xlsx,2026-04-01,"LOW_FEE_5_OR_LESS, LARGE_SPREAD_20_OR_MORE"
Продукты / Алкоголь / Крепкий алкоголь / Абсент,Абсент,"DBS=10%, EXPRESS=23%, FBS=30%, FBY=23%",4,,,10.0,30.0,20.0,20260426_141844_marketplace-services-rates-01-04-2026.xlsx,2026-04-01,LARGE_SPREAD_20_OR_MORE
Продукты / Алкоголь,Алкоголь,"DBS=10%, EXPRESS=23%, FBS=30%, FBY=23%",4,,,10.0,30.0,20.0,20260426_141844_marketplace-services-rates-01-04-2026.xlsx,2026-04-01,LARGE_SPREAD_20_OR_MORE
Продукты / Алкоголь / Ликеры / Бальзамы,Бальзамы,"DBS=10%, EXPRESS=23%, FBS=30%, FBY=23%",4,,,10.0,30.0,20.0,20260426_141844_marketplace-services-rates-01-04-2026.xlsx,2026-04-01,LARGE_SPREAD_20_OR_MORE
Продукты / Алкоголь / Шампанское и игристое вино / Вина игристые,Вина игристые,"DBS=10%, EXPRESS=23%, FBS=30%, FBY=23%",4,,,10.0,30.0,20.0,20260426_141844_marketplace-services-rates-01-04-2026.xlsx,2026-04-01,LARGE_SPREAD_20_OR_MORE
Продукты / Алкоголь / Вино,Вино,"DBS=10%, EXPRESS=23%, FBS=30%, FBY=23%",4,,,10.0,30.0,20.0,20260426_141844_marketplace-services-rates-01-04-2026.xlsx,2026-04-01,LARGE_SPREAD_20_OR_MORE
Продукты / Алкоголь / Виски,Виски,"DBS=10%, EXPRESS=23%, FBS=30%, FBY=23%",4,,,10.0,30.0,20.0,20260426_141844_marketplace-services-rates-01-04-2026.xlsx,2026-04-01,LARGE_SPREAD_20_OR_MORE
Продукты / Алкоголь / Водка,Водка,"DBS=10%, EXPRESS=23%, FBS=30%, FBY=23%",4,,,10.0,30.0,20.0,20260426_141844_marketplace-services-rates-01-04-2026.xlsx,2026-04-01,LARGE_SPREAD_20_OR_MORE
Продукты / Алкоголь / Крепкий алкоголь / Граппа,Граппа,"DBS=10%, EXPRESS=23%, FBS=30%, FBY=23%",4,,,10.0,30.0,20.0,20260426_141844_marketplace-services-rates-01-04-2026.xlsx,2026-04-01,LARGE_SPREAD_20_OR_MORE
Продукты / Алкоголь / Крепкий алкоголь / Джин,Джин,"DBS=10%, EXPRESS=23%, FBS=30%, FBY=23%",4,,,10.0,30.0,20.0,20260426_141844_marketplace-services-rates-01-04-2026.xlsx,2026-04-01,LARGE_SPREAD_20_OR_MORE
Продукты / Алкоголь / Крепкий алкоголь / Кальвадос,Кальвадос,"DBS=10%, EXPRESS=23%, FBS=30%, FBY=23%",4,,,10.0,30.0,20.0,20260426_141844_marketplace-services-rates-01-04-2026.xlsx,2026-04-01,LARGE_SPREAD_20_OR_MORE
Продукты / Алкоголь / Крепкий алкоголь / Кашаса,Кашаса,"DBS=10%, EXPRESS=23%, FBS=30%, FBY=23%",4,,,10.0,30.0,20.0,20260426_141844_marketplace-services-rates-01-04-2026.xlsx,2026-04-01,LARGE_SPREAD_20_OR_MORE
Продукты / Безалкогольные напитки / Квас,Квас,"DBS=5%, EXPRESS=18%, FBS=25%, FBY=18%",4,,,5.0,25.0,20.0,20260426_141844_marketplace-services-rates-01-04-2026.xlsx,2026-04-01,"LOW_FEE_5_OR_LESS, LARGE_SPREAD_20_OR_MORE"
Продукты / Кондитерские изделия / Мучные кондитерские изделия / Кексы и рулеты / Кексы,Кексы,"DBS=5%, EXPRESS=18%, FBS=25%, FBY=18%",4,,,5.0,25.0,20.0,20260426_141844_marketplace-services-rates-01-04-2026.xlsx,2026-04-01,"LOW_FEE_5_OR_LESS, LARGE_SPREAD_20_OR_MORE"
Продукты / Алкоголь / Коньяк и бренди,Коньяк и бренди,"DBS=10%, EXPRESS=23%, FBS=30%, FBY=23%",4,,,10.0,30.0,20.0,20260426_141844_marketplace-services-rates-01-04-2026.xlsx,2026-04-01,LARGE_SPREAD_20_OR_MORE
Продукты / Алкоголь / Крепкий алкоголь,Крепкий алкоголь,"DBS=10%, EXPRESS=23%, FBS=30%, FBY=23%",4,,,10.0,30.0,20.0,20260426_141844_marketplace-services-rates-01-04-2026.xlsx,2026-04-01,LARGE_SPREAD_20_OR_MORE
Продукты / Алкоголь / Крепленое вино,Крепленое вино,"DBS=10%, EXPRESS=23%, FBS=30%, FBY=23%",4,,,10.0,30.0,20.0,20260426_141844_marketplace-services-rates-01-04-2026.xlsx,2026-04-01,LARGE_SPREAD_20_OR_MORE
Продукты / Алкоголь / Ликеры,Ликеры,"DBS=10%, EXPRESS=23%, FBS=30%, FBY=23%",4,,,10.0,30.0,20.0,20260426_141844_marketplace-services-rates-01-04-2026.xlsx,2026-04-01,LARGE_SPREAD_20_OR_MORE
Продукты / Алкоголь / Ликеры / Ликеры,Ликеры,"DBS=10%, EXPRESS=23%, FBS=30%, FBY=23%",4,,,10.0,30.0,20.0,20260426_141844_marketplace-services-rates-01-04-2026.xlsx,2026-04-01,LARGE_SPREAD_20_OR_MORE
Продукты / Алкоголь / Слабоалкогольные напитки / Медовуха,Медовуха,"DBS=10%, EXPRESS=23%, FBS=30%, FBY=23%",4,,,10.0,30.0,20.0,20260426_141844_marketplace-services-rates-01-04-2026.xlsx,2026-04-01,LARGE_SPREAD_20_OR_MORE
Продукты / Алкоголь / Ликеры / Наливки,Наливки,"DBS=10%, EXPRESS=23%, FBS=30%, FBY=23%",4,,,10.0,30.0,20.0,20260426_141844_marketplace-services-rates-01-04-2026.xlsx,2026-04-01,LARGE_SPREAD_20_OR_MORE
Продукты / Алкоголь / Ликеры / Настойки,Настойки,"DBS=10%, EXPRESS=23%, FBS=30%, FBY=23%",4,,,10.0,30.0,20.0,20260426_141844_marketplace-services-rates-01-04-2026.xlsx,2026-04-01,LARGE_SPREAD_20_OR_MORE
Продукты / Алкоголь / Пиво / Пивные напитки,Пивные напитки,"DBS=10%, EXPRESS=23%, FBS=30%, FBY=23%",4,,,10.0,30.0,20.0,20260426_141844_marketplace-services-rates-01-04-2026.xlsx,2026-04-01,LARGE_SPREAD_20_OR_MORE
Продукты / Алкоголь / Пиво,Пиво,"DBS=10%, EXPRESS=23%, FBS=30%, FBY=23%",4,,,10.0,30.0,20.0,20260426_141844_marketplace-services-rates-01-04-2026.xlsx,2026-04-01,LARGE_SPREAD_20_OR_MORE
Продукты / Алкоголь / Пиво / Пиво,Пиво,"DBS=10%, EXPRESS=23%, FBS=30%, FBY=23%",4,,,10.0,30.0,20.0,20260426_141844_marketplace-services-rates-01-04-2026.xlsx,2026-04-01,LARGE_SPREAD_20_OR_MORE
Продукты / Алкоголь / Крепкий алкоголь / Ракия,Ракия,"DBS=10%, EXPRESS=23%, FBS=30%, FBY=23%",4,,,10.0,30.0,20.0,20260426_141844_marketplace-services-rates-01-04-2026.xlsx,2026-04-01,LARGE_SPREAD_20_OR_MORE
Продукты / Алкоголь / Крепкий алкоголь / Ром,Ром,"DBS=10%, EXPRESS=23%, FBS=30%, FBY=23%",4,,,10.0,30.0,20.0,20260426_141844_marketplace-services-rates-01-04-2026.xlsx,2026-04-01,LARGE_SPREAD_20_OR_MORE
Продукты / Алкоголь / Крепкий алкоголь / Саке и соджу,Саке и соджу,"DBS=10%, EXPRESS=23%, FBS=30%, FBY=23%",4,,,10.0,30.0,20.0,20260426_141844_marketplace-services-rates-01-04-2026.xlsx,2026-04-01,LARGE_SPREAD_20_OR_MORE
Продукты / Алкоголь / Слабоалкогольные напитки / Сидр,Сидр,"DBS=10%, EXPRESS=23%, FBS=30%, FBY=23%",4,,,10.0,30.0,20.0,20260426_141844_marketplace-services-rates-01-04-2026.xlsx,2026-04-01,LARGE_SPREAD_20_OR_MORE
Продукты / Алкоголь / Слабоалкогольные напитки / Слабоалкогольные коктейли,Слабоалкогольные коктейли,"DBS=10%, EXPRESS=23%, FBS=30%, FBY=23%",4,,,10.0,30.0,20.0,20260426_141844_marketplace-services-rates-01-04-2026.xlsx,2026-04-01,LARGE_SPREAD_20_OR_MORE
Продукты / Алкоголь / Слабоалкогольные напитки,Слабоалкогольные напитки,"DBS=10%, EXPRESS=23%, FBS=30%, FBY=23%",4,,,10.0,30.0,20.0,20260426_141844_marketplace-services-rates-01-04-2026.xlsx,2026-04-01,LARGE_SPREAD_20_OR_MORE
Продукты / Алкоголь / Крепкий алкоголь / Текила,Текила,"DBS=10%, EXPRESS=23%, FBS=30%, FBY=23%",4,,,10.0,30.0,20.0,20260426_141844_marketplace-services-rates-01-04-2026.xlsx,2026-04-01,LARGE_SPREAD_20_OR_MORE
Продукты / Алкоголь / Крепкий алкоголь / Чача,Чача,"DBS=10%, EXPRESS=23%, FBS=30%, FBY=23%",4,,,10.0,30.0,20.0,20260426_141844_marketplace-services-rates-01-04-2026.xlsx,2026-04-01,LARGE_SPREAD_20_OR_MORE
Продукты / Алкоголь / Шампанское и игристое вино / Шампанское,Шампанское,"DBS=10%, EXPRESS=23%, FBS=30%, FBY=23%",4,,,10.0,30.0,20.0,20260426_141844_marketplace-services-rates-01-04-2026.xlsx,2026-04-01,LARGE_SPREAD_20_OR_MORE
Продукты / Алкоголь / Шампанское и игристое вино,Шампанское и игристое вино,"DBS=10%, EXPRESS=23%, FBS=30%, FBY=23%",4,,,10.0,30.0,20.0,20260426_141844_marketplace-services-rates-01-04-2026.xlsx,2026-04-01,LARGE_SPREAD_20_OR_MORE
Продукты / Алкоголь / Крепкий алкоголь / Шнапс,Шнапс,"DBS=10%, EXPRESS=23%, FBS=30%, FBY=23%",4,,,10.0,30.0,20.0,20260426_141844_marketplace-services-rates-01-04-2026.xlsx,2026-04-01,LARGE_SPREAD_20_OR_MORE
